{
  "winRates": {
    "Anti-Mage": 48.80859498555553,
    "Axe": 53.13018228091432,
    "Bane": 49.61894712158518,
    "Bloodseeker": 50.92119523145998,
    "Crystal Maiden": 52.11222573038648,
    "Drow Ranger": 51.53898285940192,
    "Earthshaker": 48.95787270422452,
    "Juggernaut": 51.58771964306773,
    "Mirana": 51.56569600952062,
    "Morphling": 47.88172043010753,
    "Shadow Fiend": 48.05920643476097,
    "Phantom Lancer": 54.00560785099139,
    "Puck": 46.795960318169634,
    "Pudge": 50.26041996145363,
    "Razor": 49.818778636394725,
    "Sand King": 47.897278195894366,
    "Storm Spirit": 47.61996655088125,
    "Sven": 48.92941882736343,
    "Tiny": 45.04185554048241,
    "Vengeful Spirit": 53.11205855835205,
    "Windranger": 47.91770022460153,
    "Zeus": 51.678717423061336,
    "Kunkka": 48.32124957422997,
    "Lina": 47.555455400533,
    "Lion": 48.91553256885127,
    "Shadow Shaman": 51.993253871159425,
    "Slardar": 51.31972435314004,
    "Tidehunter": 50.84657034311526,
    "Witch Doctor": 51.7765106240436,
    "Lich": 52.08865574366136,
    "Riki": 52.0096463022508,
    "Enigma": 49.522046551148605,
    "Tinker": 44.99435083754973,
    "Sniper": 52.997726698661275,
    "Necrophos": 52.62511186556246,
    "Warlock": 49.88502663549611,
    "Beastmaster": 44.117992253824184,
    "Queen of Pain": 45.759692132269095,
    "Venomancer": 46.523683814578234,
    "Faceless Void": 52.028106036410094,
    "Wraith King": 54.77704061582561,
    "Death Prophet": 47.594170283448534,
    "Phantom Assassin": 52.55794390454474,
    "Pugna": 49.074179906275,
    "Templar Assassin": 45.36886469983075,
    "Viper": 48.26372384023433,
    "Luna": 49.527349973446626,
    "Dragon Knight": 49.02513720852664,
    "Dazzle": 50.05137466139428,
    "Clockwerk": 49.97385310197291,
    "Leshrac": 49.645390070921984,
    "Nature's Prophet": 43.65674775354814,
    "Lifestealer": 51.777400449142796,
    "Dark Seer": 50.02911439309724,
    "Clinkz": 50.16798363332645,
    "Omniknight": 50.14899957428693,
    "Enchantress": 49.187502532722775,
    "Huskar": 47.662391394290445,
    "Night Stalker": 51.84173157192651,
    "Broodmother": 48.795209129061156,
    "Bounty Hunter": 49.816755759938374,
    "Weaver": 47.549717031837865,
    "Jakiro": 47.14532871972318,
    "Batrider": 43.3737714987715,
    "Chen": 45.3989703989704,
    "Spectre": 55.77685343772939,
    "Ancient Apparition": 51.45230508537012,
    "Doom": 47.43720298710115,
    "Ursa": 47.109070432296626,
    "Spirit Breaker": 50.086303581797495,
    "Gyrocopter": 44.6904516079691,
    "Alchemist": 47.84398151079593,
    "Invoker": 50.86626649549518,
    "Silencer": 51.22910418021268,
    "Outworld Destroyer": 48.69578930768018,
    "Lycan": 47.718693582799936,
    "Brewmaster": 49.549928493312024,
    "Shadow Demon": 44.0919540229885,
    "Lone Druid": 48.661875578678185,
    "Chaos Knight": 51.760649334798,
    "Meepo": 49.22248803827751,
    "Treant Protector": 47.818637693272045,
    "Ogre Magi": 52.068041250494865,
    "Undying": 51.36061472974281,
    "Rubick": 49.663434312769645,
    "Disruptor": 48.49590546283819,
    "Nyx Assassin": 51.832377027339106,
    "Naga Siren": 51.67832932429477,
    "Keeper of the Light": 49.2349685723587,
    "Io": 50.591796476430176,
    "Visage": 49.952454099919535,
    "Slark": 50.09920420970907,
    "Medusa": 51.325960280651685,
    "Troll Warlord": 52.220546912480295,
    "Centaur Warrunner": 51.466395616927386,
    "Magnus": 48.27870435958529,
    "Timbersaw": 45.015571521075515,
    "Bristleback": 52.052461478630526,
    "Tusk": 48.21058926353558,
    "Skywrath Mage": 49.814284303072206,
    "Abaddon": 51.21933195388708,
    "Elder Titan": 50.995405819295556,
    "Legion Commander": 51.998039180086785,
    "Techies": 49.885861436908925,
    "Ember Spirit": 48.058105952842794,
    "Earth Spirit": 49.37942277055315,
    "Underlord": 50.295568510742385,
    "Terrorblade": 48.30725654167791,
    "Phoenix": 50.71412743498318,
    "Oracle": 48.974908776285595,
    "Winter Wyvern": 49.445904261396095,
    "Arc Warden": 47.8893623864276,
    "Monkey King": 45.2379797979798,
    "Dark Willow": 47.27807748896518,
    "Pangolier": 46.22932088032192,
    "Grimstroke": 51.41345716542596,
    "Hoodwink": 47.734860920348844,
    "Void Spirit": 48.96529767589939,
    "Snapfire": 51.30636016507888,
    "Mars": 46.063966729379146,
    "Ringmaster": 47.50820868296242,
    "Dawnbreaker": 51.98505568870717,
    "Marci": 47.34643253476076,
    "Primal Beast": 49.39509391083484,
    "Muerta": 48.95543780403058,
    "Kez": 46.279306829765545,
    "Largo": 47.51184834123222
  }
}